<?xml version="1.0" encoding="UTF-8"?>
<project-private xmlns="http://www.netbeans.org/ns/project-private/1">
    <editor-bookmarks xmlns="http://www.netbeans.org/ns/editor-bookmarks/2" lastBookmarkId="0"/>
    <open-files xmlns="http://www.netbeans.org/ns/projectui-open-files/2">
        <group>
            <file>file:/C:/Users/Nicholas%20Risko/Downloads/VaccineData_v1.6-BugFixed/VaccineData_v1.5/web/index.html</file>
            <file>file:/C:/Users/Nicholas%20Risko/Downloads/VaccineData_v1.6-BugFixed/VaccineData_v1.5/web/login.css</file>
        </group>
    </open-files>
</project-private>
